{"cameraMode":{"drawMode":0,"name":"Shaded","section":"Shading Mode"},"sceneLighting":true,"audioPlay":false,"sceneViewState":{"showFog":true,"showMaterialUpdate":false,"showSkybox":true,"showFlares":true,"showImageEffects":true,"showParticleSystems":true},"in2DMode":false,"pivot":{"x":0.27545166015625,"y":-27.6695556640625,"z":18.539695739746095},"rotation":{"x":-0.17204125225543977,"y":0.744325578212738,"z":-0.2098577320575714,"w":-0.6101992130279541},"size":39.230899810791019,"orthographic":false}